-0.526,0,0,0.,-0.7853981633974483,0.7853981633974483,-1.5707963267948966,0.,0.,0.,0.,0.
-0.525999224426372,0.,0.,0.,-0.7854727267867649,0.7853614459219642,-1.5706474222164766,0.,0.000016327865852675455,0.000016327865852675258,0.0000163278658526754,0.00001632786585267537
-0.5259976758147793,0.,0.,0.,-0.7856215213355251,0.7852880883454,-1.5703501734603609,0.,0.00004893021517465918,0.00004893021517465901,0.00004893021517465915,0.000048930215174659294
-0.5259953557225402,0.,0.,0.,-0.7858441529776997,0.7851780431292119,-1.5699050778504822,0.,0.00009777426231359504,0.00009777426231359416,0.00009777426231359483,0.00009777426231359488
-0.5259922647381803,0.,0.,0.,-0.7861401665615352,0.7850311394171796,-1.5693125704788211,0.,0.0001628476172596936,0.00016284761725969164,0.00016284761725969305,0.00016284761725969275
-0.5259884024886458,0.,0.,0.,-0.7865090465423876,0.7848470845720251,-1.568573025049191,0.,0.00024415813377525635,0.0002441581337752541,0.00024415813377525586,0.0002441581337752552
-0.5259837676442191,0.,0.,0.,-0.7869502176189976,0.7846254656538504,-1.5676867547194004,0.,0.0003417338059153655,0.0003417338059153638,0.0003417338059153654,0.0003417338059153653
-0.5259783579211634,0.,0.,0.,-0.7874630453140181,0.7843657508404448,-1.5666540129410336,0.,0.0004556227123485154,0.00045562271234851214,0.0004556227123485151,0.00045562271234851534
-0.5259721700821144,0.,0.,0.,-0.7880468364993936,0.7840672907891075,-1.565474994295892,0.,0.0005858930081170533,0.0005858930081170492,0.000585893008117053,0.0005858930081170533
-0.525965199934224,0.,0.,0.,-0.7887008398669811,0.7837293199392422,-1.5641498353279701,0.,0.0007326329637059288,0.0007326329637059243,0.0007326329637059284,0.0007326329637059293
-0.5259574423250529,0.,0.,0.,-0.7894242463446017,0.7833509577546044,-1.5626786153696497,0.,0.0008959510515163379,0.0008959510515163327,0.0008959510515163372,0.0008959510515163388
-0.5259488911361966,0.,0.,0.,-0.7902161894575152,0.7829312099037136,-1.5610613573606376,0.,0.0010759760800704368,0.0010759760800704314,0.0010759760800704364,0.0010759760800704383
-0.5259395392746159,0.,0.,0.,-0.7910757456351215,0.782468969376587,-1.5592980286579987,0.,0.0012728573765061982,0.0012728573765061917,0.0012728573765061978,0.0012728573765062002
-0.5259293786616374,0.,0.,0.,-0.7920019344625029,0.7819630175356009,-1.5573885418354743,0.,0.0014867650181599312,0.001486765018159925,0.0014867650181599314,0.0014867650181599342
-0.5259184002195717,0.,0.,0.,-0.7929937188762368,0.781412025097939,-1.5553327554701177,0.,0.0017178901142796813,0.0017178901142796755,0.0017178901142796815,0.0017178901142796852
-0.5259065938558894,0.,0.,0.,-0.7940500053037276,0.7808145530467485,-1.55313047491412,0.,0.0019664451391681018,0.0019664451391680957,0.0019664451391681018,0.0019664451391681057
-0.5258939484448797,0.,0.,0.,-0.7951696437451204,0.7801690534677825,-1.5507814530495354,0.,0.0022326643183205124,0.002232664318320506,0.002232664318320513,0.0022326643183205163
-0.5258804518067032,0.,0.,0.,-0.7963514277966793,0.7794738703079632,-1.5482853910234702,0.,0.002516804069405132,0.0025168040694051224,0.002516804069405132,0.002516804069405136
-0.525866090683739,0.,0.,0.,-0.7975940946143237,0.7787272400519615,-1.545641938961123,0.,0.0028191435002303984,0.002819143500230389,0.002819143500230399,0.0028191435002304015
-0.5258508507141073,0.,0.,0.,-0.798896324815831,0.7779272923125312,-1.5428506966539175,0.,0.0031399849661617528,0.0031399849661617393,0.003139984966161753,0.003139984966161755
-0.525834716402235,0.,0.,0.,-0.8002567423200163,0.7770720503299821,-1.539911214219796,0.,0.0034796546897899678,0.003479654689789953,0.003479654689789968,0.0034796546897899717
-0.5258176710863142,0.,0.,0.,-0.8016739141210019,0.7761594313758023,-1.5368229927325716,0.,0.0038385034460186847,0.0038385034460186687,0.003838503446018686,0.00383850344601869
-0.5257996969024837,0.,0.,0.,-0.8031463499954773,0.7751872470550585,-1.5335854848170687,0.,0.004216907316133502,0.004216907316133488,0.0042169073161335046,0.004216907316133509
-0.5257807747455451,0.,0.,0.,-0.8046725021406346,0.7741532035017981,-1.5301980952065901,0.,0.004615268514843055,0.0046152685148430385,0.004615268514843057,0.00461526851484306
-0.5257608842259995,0.,0.,0.,-0.806250764740228,0.7730549014612589,-1.5266601812590668,0.,0.005034016294748249,0.005034016294748235,0.005034016294748251,0.005034016294748253
-0.5257400036231729,0.,0.,0.,-0.807879473455964,0.7718898362522415,-1.5229710534280403,0.,0.005473607933204267,0.005473607933204249,0.005473607933204268,0.0054736079332042675
-0.525718109834163,0.,0.,0.,-0.8095569048411608,0.7706553976025273,-1.5191299756844212,0.,0.005934529807096574,0.005934529807096556,0.005934529807096575,0.005934529807096573
-0.5256951783183211,0.,0.,0.,-0.8112812756733374,0.7693488693497186,-1.51513616588474,0.,0.006417298561663382,0.006417298561663362,0.006417298561663383,0.006417298561663378
-0.525671183036942,0.,0.,0.,-0.8130507422020822,0.7679674289993329,-1.5109887960813733,0.,0.006922462380169623,0.0069224623801696005,0.006922462380169623,0.006922462380169618
-0.525646096387806,0.,0.,0.,-0.8148633993082237,0.7665081471314023,-1.5066869927699718,0.,0.007450602361979754,0.00745060236197973,0.007450602361979755,0.00745060236197975
-0.5256198891341737,0.,0.,0.,-0.8167172795699637,0.7649679866461956,-1.5022298370690503,0.,0.008002334017397469,0.008002334017397441,0.008002334017397469,0.008002334017397462
-0.525592530327794,0.,0.,0.,-0.8186103522312403,0.7633438018390039,-1.497616364826409,0.,0.00857830888854991,0.008578308888549876,0.008578308888549909,0.0085783088885499
-0.5255639872254364,0.,0.,0.,-0.820540522067163,0.7616323372931887,-1.4928455666467473,0.,0.009179216306604142,0.00917921630660411,0.009179216306604144,0.009179216306604138
-0.5255342251984055,0.,0.,0.,-0.8225056281408846,0.7598302265798954,-1.487916387834505,0.,0.009805785296727595,0.009805785296727564,0.009805785296727597,0.009805785296727591
-0.5255032076344359,0.,0.,0.,-0.8245034424457683,0.7579339907519624,-1.4828277282456048,0.,0.010458786643457087,0.010458786643457047,0.010458786643457087,0.01045878664345708
-0.5254708958312995,0.,0.,0.,-0.826531668426135,0.755940036618614,-1.4775784420413975,0.,0.011139035130540818,0.011139035130540766,0.011139035130540816,0.011139035130540808
-0.5254372488813832,0.,0.,0.,-0.8285879393692568,0.7538446547864955,-1.4721673373377038,0.,0.01184739197088377,0.011847391970883718,0.011847391970883768,0.011847391970883754
-0.525402223546411,0.,0.,0.,-0.8306698166605794,0.7516440174514956,-1.4665931757414137,0.,0.012584767443982743,0.012584767443982686,0.012584767443982741,0.01258476744398273
-0.5253657741213902,0.,0.,0.,-0.8327747878934002,0.749334175924581,-1.460854671766644,0.,0.013352123760209137,0.01335212376020907,0.013352123760209136,0.01335212376020912
-0.525327852286758,0.,0.,0.,-0.8349002648234018,0.7469110578735546,-1.4549504921219625,0.,0.014150478173516208,0.014150478173516138,0.014150478173516208,0.014150478173516197
-0.5252884069475843,0.,0.,0.,-0.8370435811575281,0.7443704642612115,-1.4488792548596678,0.,0.014980906366648146,0.014980906366648063,0.014980906366648145,0.014980906366648134
-0.5252473840585519,0.,0.,0.,-0.8392019901656854,0.7417080659588142,-1.4426395283775635,0.,0.015844546135751925,0.015844546135751838,0.015844546135751925,0.015844546135751918
-0.525204726433287,0.,0.,0.,-0.8413726621026488,0.7389194000121283,-1.4362298302630874,0.,0.016742601404487117,0.016742601404487037,0.016742601404487124,0.016742601404487117
-0.5251603735364361,0.,0.,0.,-0.8435526814263349,0.735999865535438,-1.4296486259690544,0.,0.01767634660134848,0.017676346601348397,0.017676346601348484,0.017676346601348477
-0.5251142612566939,0.,0.,0.,-0.8457390437972728,0.7329447192070039,-1.4228943273096433,0.,0.018647131438026116,0.018647131438026036,0.018647131438026123,0.018647131438026113
-0.5250663216587633,0.,0.,0.,-0.847928652842639,0.7297490703373211,-1.4159652907646203,0.,0.019656386131302522,0.019656386131302436,0.01965638613130253,0.019656386131302515
-0.5250164827119753,0.,0.,0.,-0.8501183166666134,0.7264078754792757,-1.4088598155791388,0.,0.020705627116313217,0.020705627116313127,0.020705627116313224,0.020705627116313203
-0.5249646679930089,0.,0.,0.,-0.8523047440870635,0.7229159325469026,-1.4015761416458137,0.,0.02179646330508033,0.021796463305080244,0.021796463305080338,0.021796463305080317
-0.5249107963598189,0.,0.,0.,-0.854484540576638,0.7192678744069002,-1.394112447155142,0.,0.022930602951186575,0.02293060295118649,0.022930602951186586,0.022930602951186572
-0.5248547815935022,0.,0.,0.,-0.8566542038842655,0.7154581619043846,-1.3864668459997587,0.,0.024109861189432754,0.024109861189432653,0.02410986118943276,0.024109861189432744
-0.5247965320043974,0.,0.,0.,-0.8588101193107804,0.7114810762815857,-1.3786373849175064,0.,0.025336168328481623,0.025336168328481533,0.025336168328481633,0.025336168328481613
-0.5247359499982113,0.,0.,0.,-0.860948554609944,0.7073307109453284,-1.3706220403578961,0.,0.02661157898503179,0.0266115789850317,0.026611578985031803,0.026611578985031786
-0.5246729315973898,0.,0.,0.,-0.8630656544834808,0.703000962536257,-1.3624187150562952,0.,0.02793828216021955,0.027938282160219464,0.02793828216021957,0.027938282160219558
-0.5246073659122832,0.,0.,0.,-0.8651574346359243,0.6984855212499225,-1.3540252343001686,0.,0.02931861237299117,0.02931861237299108,0.029318612372991187,0.029318612372991177
-0.5245391345558814,0.,0.,0.,-0.86721977535206,0.693777860357152,-1.3454393418720052,0.,0.030755061981449006,0.03075506198144891,0.030755061981449023,0.030755061981449013
-0.5244681109950032,0.,0.,0.,-0.8692484145566014,0.6888712248687072,-1.3366586956543003,0.,0.03225029484204266,0.03225029484204254,0.03225029484204267,0.03225029484204267
-0.5243941598297757,0.,0.,0.,-0.8712389403124694,0.6837586192872925,-1.327680862883285,0.,0.03380716147841366,0.03380716147841354,0.03380716147841368,0.03380716147841369
-0.5243171359920303,0.,0.,0.,-0.8731867827107281,0.6784327943887654,-1.3185033150402,0.,0.03542871595726356,0.03542871595726342,0.035428715957263573,0.03542871595726358
-0.5242368838518235,0.,0.,0.,-0.8750872051019594,0.672886232974266,-1.3091234223720511,0.,0.037118234698459956,0.03711823469845982,0.03711823469845998,0.03711823469845999
-0.5241532362196284,0.,0.,0.,-0.8769352946157625,0.6671111345364084,-1.2995384480383003,0.,0.038879237481516886,0.03887923748151673,0.03887923748151691,0.03887923748151693
-0.5240660132298028,0.,0.,0.,-0.8787259519123451,0.6610993987862805,-1.2897455418862753,0.,0.04071551095152939,0.04071551095152923,0.040715510951529414,0.040715510951529435
-0.5239750210886525,0.,0.,0.,-0.8804538801080987,0.6548426079946482,-1.279741733866798,0.,0.04263113497574687,0.04263113497574669,0.042631134975746894,0.042631134975746915
-0.5238800506677171,0.,0.,0.,-0.8821135728160131,0.6483320081115753,-1.2695239271133893,0.,0.044630512258596475,0.04463051225859628,0.044630512258596496,0.04463051225859653
-0.5237808759197372,0.,0.,0.,-0.8836993012423252,0.6415584886451887,-1.2590888907243871,0.,0.04671840168975414,0.04671840168975395,0.04671840168975417,0.046718401689754205
-0.5236772520910091,0.,0.,0.,-0.8852051002836395,0.6345125613045673,-1.248433252308713,0.,0.04889995597876758,0.04889995597876736,0.048899955978767604,0.048899955978767624
-0.5235689136994027,0.,0.,0.,-0.8866247535749584,0.6271843374464471,-1.2375534903845478,0.,0.051180764223113226,0.051180764223113,0.05118076422311325,0.05118076422311326
-0.5234555722420573,0.,0.,0.,-0.8879517774500002,0.6195635044142671,-1.2264459267580596,0.,0.0535669001672268,0.053566900167226546,0.05356690016722681,0.053566900167226816
-0.5233369135905375,0.,0.,0.,-0.8891794037928196,0.611639300925937,-1.215106719059551,0.,0.05606497704132945,0.05606497704132917,0.056064977041329456,0.05606497704132945
-0.5232125950238253,0.,0.,0.,-0.8903005617867334,0.6034004917601713,-1.203531853680867,0.,0.05868221002474386,0.05868221002474357,0.05868221002474386,0.05868221002474386
-0.5230822418407337,0.,0.,0.,-0.891307858606549,0.5948353421191747,-1.1917171394458523,0.,0.061426487563514307,0.061426487563514015,0.061426487563514307,0.061426487563514307
-0.5229454434828841,0.,0.,0.,-0.8921935591581068,0.5859315922198065,-1.179658202461973,0.,0.06430645299192822,0.06430645299192789,0.06430645299192822,0.0643064529919282
-0.5228017490870127,0.,0.,0.,-0.892949565052079,0.5766764329022112,-1.1673504827551489,0.,0.0673315981681679,0.06733159816816756,0.06733159816816792,0.06733159816816789
-0.522650662370723,0.,0.,0.,-0.8935673931162702,0.5670564833660239,-1.1547892334936578,0.,0.07051237114268737,0.07051237114268703,0.0705123711426874,0.07051237114268737
-0.5224916357385359,0.,0.,0.,-0.894038153915375,0.5570577725790671,-1.141969523877075,0.,0.07386030024136357,0.07386030024136322,0.07386030024136359,0.07386030024136356
-0.5223240634748627,0.,0.,0.,-0.8943525309771561,0.54666572649174,-1.1288862471244845,0.,0.0773881373713246,0.07738813737132424,0.07738813737132462,0.0773881373713246
-0.5221472738670366,0.,0.,0.,-0.8945007617439544,0.5358651639859215,-1.1155341354718715,0.,0.08111002385187444,0.08111002385187406,0.08111002385187445,0.08111002385187445
-0.5219605200746229,0.,0.,0.,-0.8944726217121634,0.5246403055629162,-1.1019077847205945,0.,0.0850416826395308,0.08504168263953042,0.08504168263953081,0.08504168263953082
-0.5217629695310166,0.,0.,0.,-0.8942574138362258,0.5129748002288732,-1.0880016917188073,0.,0.08920064145229534,0.08920064145229491,0.08920064145229535,0.08920064145229535
-0.5215536916304757,0.,0.,0.,-0.893843966121324,0.5008517779998549,-1.0738103092738374,0.,0.09360649198999954,0.09360649198999908,0.09360649198999955,0.09360649198999957
-0.5213316434198575,0.,0.,0.,-0.8932206414965294,0.48825393809769624,-1.0593281244748955,0.,0.09828119116091003,0.09828119116090953,0.09828119116091004,0.09828119116091003
-0.5210956529826686,0.,0.,0.,-0.8923753656641004,0.47516368647293694,-1.0445497683667104,0.,0.1032494108912026,0.10324941089120203,0.10324941089120258,0.10324941089120254
-0.5208444001796079,0.,0.,0.,-0.8912956808155045,0.4615633410709829,-1.0294701674996678,0.,0.10853894358721758,0.108538943587217,0.10853894358721758,0.10853894358721752
-0.5205763944050505,0.,0.,0.,-0.8899688360918343,0.4474354296271667,-1.014084751264455,0.,0.11418117042000318,0.11418117042000257,0.11418117042000318,0.11418117042000316
-0.5202899490505649,0.,0.,0.,-0.8883819296985712,0.4327631131839216,-0.9983897332944716,0.,0.120211598935491,0.12021159893549031,0.120211598935491,0.12021159893549097
-0.5199831524635534,0.,0.,0.,-0.8865221229620769,0.41753077945951883,-0.9823824907780742,0.,0.12667047445152146,0.12667047445152077,0.12667047445152146,0.1266704744515214
-0.5196538353978087,0.,0.,0.,-0.8843769536558393,0.4017248641033327,-0.9660620723875964,0.,0.13360346530930417,0.13360346530930345,0.13360346530930417,0.1336034653093041
-0.5192995353452484,0.,0.,0.,-0.8819347848842134,0.38533497492385826,-0.9494298736236261,0.,0.14106241378425816,0.14106241378425738,0.14106241378425818,0.14106241378425813
-0.5189174588227569,0.,0.,0.,-0.8791854367018518,0.36835541384326675,-0.9324905271501289,0.,0.1491061300472391,0.14910613004723827,0.14910613004723916,0.1491061300472391
-0.5185044438204973,0.,0.,0.,-0.8761210598664547,0.3507872115386472,-0.9152530636829412,0.,0.1578011827263869,0.15780118272638605,0.15780118272638696,0.15780118272638693
-0.5180569264058767,0.,0.,0.,-0.8727373227666553,0.3326408053572624,-0.8977324029771401,0.,0.16722260198155695,0.16722260198155603,0.16722260198155697,0.16722260198155686
-0.5175709181634606,0.,0.,0.,-0.8690349892499628,0.31393949155689405,-0.879951228239445,0.,0.1774543544534769,0.17745435445347593,0.17745435445347696,0.17745435445347688
-0.5170420049428491,0.,0.,0.,-0.8650219581332784,0.2947237487095954,-0.8619422700214558,0.,0.18858936962424389,0.1885893696242429,0.18858936962424397,0.18858936962424397
-0.5164653822718511,0.,0.,0.,-0.8607157994350153,0.2750564279669372,-0.8437509602527772,0.,0.20072879427683324,0.20072879427683216,0.20072879427683332,0.20072879427683335
-0.5158359481615203,0.,0.,0.,-0.8561467346061427,0.25502859152124996,-0.825438290471218,0.,0.21398003870485074,0.21398003870484955,0.21398003870485086,0.21398003870485097
-0.5151484780444667,0.,0.,0.,-0.8513608394349328,0.23476540112077504,-0.8070834974331945,0.,0.228453093800716,0.22845309380071468,0.2284530938007161,0.22845309380071618
-0.5143979054268292,0.,0.,0.,-0.8464229774445547,0.2144308880621766,-0.7887858997086493,0.,0.24425462259308572,0.2442546225930843,0.24425462259308584,0.2442546225930859
-0.5135797194654554,0.,0.,0.,-0.8414186167830394,0.19422974488092953,-0.7706648724814738,0.,0.2614795902009534,0.2614795902009519,0.2614795902009535,0.2614795902009536
-0.5126904606806828,0.,0.,0.,-0.8364533552878981,0.17440373562197367,-0.7528567327555437,0.,0.28020082777511474,0.28020082777511296,0.2802008277751148,0.28020082777511485
-0.5117282473206658,0.,0.,0.,-0.831648920896074,0.15522045209485338,-0.7355074951999078,0.,0.30045795114389284,0.300457951143891,0.3004579511438929,0.30045795114389284
-0.5106932109171399,0.,0.,0.,-0.8271349513948569,0.13695356753785862,-0.7187613460620134,0.,0.3222481912181225,0.3222481912181207,0.32224819121812254,0.3222481912181224
-0.509587692776765,0.,0.,0.,-0.8230371465614499,0.11985662414423179,-0.7027462785543473,0.,0.34552225733127995,0.34552225733127817,0.34552225733128006,0.34552225733127984
-0.5084160908485164,0.,0.,0.,-0.8194640623710886,0.10413576540466998,-0.6875600309888185,0.,0.37018756108388307,0.3701875610838812,0.3701875610838832,0.37018756108388307
-0.5071843552185508,0.,0.,0.,-0.8164959275343575,0.08992862111359318,-0.6732601552457096,0.,0.39611883750421223,0.3961188375042101,0.39611883750421223,0.3961188375042122
-0.5058992607354801,0.,0.,0.,-0.8141784812659406,0.07729505803837741,-0.6598609296741601,0.,0.4231734582004367,0.4231734582004342,0.42317345820043667,0.4231734582004366
-0.5045676581885369,0.,0.,0.,-0.8125229801960603,0.06622118217118392,-0.6473373544325564,0.,0.4512071960308203,0.4512071960308177,0.45120719603082027,0.4512071960308201
-0.5031958802986471,0.,0.,0.,-0.8115113186923631,0.05663341397406245,-0.6356341064117488,0.,0.480086730554816,0.480086730554813,0.4800867305548158,0.48008673055481554
-0.5017893861895965,0.,0.,0.,-0.8111039017367931,0.048417163234238766,-0.6246763412134666,0.,0.509697132850619,0.5096971328506159,0.5096971328506189,0.5096971328506186
-0.500352633293346,0.,0.,0.,-0.8112478977798782,0.04143510437277747,-0.6143797156046938,0.,0.5399445622453657,0.5399445622453625,0.5399445622453656,0.5399445622453652
-0.4988891121757227,0.,0.,0.,-0.8118843040950747,0.03554205201571104,-0.6046581977344538,0.,0.5707555331426983,0.5707555331426949,0.5707555331426983,0.5707555331426981
-0.4974014706097665,0.,0.,0.,-0.8129531902147136,0.03059547491586899,-0.5954293376196927,0.,0.6020743029523017,0.602074302952298,0.6020743029523016,0.6020743029523014
-0.49589166934050777,0.,0.,0.,-0.8143971425959623,0.026462003530310942,-0.58661733005675,0.,0.6338595928314337,0.63385959283143,0.6338595928314336,0.6338595928314334
-0.4943611343217098,0.,0.,0.,-0.8161632483431939,0.023020839415819734,-0.5781544402944827,0.,0.6660813827008645,0.6660813827008605,0.6660813827008644,0.6660813827008644
-0.4928108885631179,0.,0.,0.,-0.8182040279020346,0.02016503095078145,-0.5699813470620981,0.,0.6987181355133256,0.6987181355133216,0.6987181355133255,0.6987181355133256
-0.4912416584847405,0.,0.,0.,-0.8204776774676408,0.01780141246994135,-0.5620468392956326,0.,0.7317545582160078,0.7317545582160033,0.7317545582160075,0.7317545582160075
-0.48965395587662314,0.,0.,0.,-0.8229478943999825,0.01584978427194557,-0.5543071707302096,0.,0.7651798762816363,0.7651798762816313,0.765179876281636,0.7651798762816359
-0.4880481391426646,0.,0.,0.,-0.8255834746662212,0.014241717350200868,-0.5467252671885219,0.,0.7989865443649742,0.7989865443649691,0.798986544364974,0.798986544364974
-0.4864244580944174,0.,0.,0.,-0.8283578048048,0.012919221561681932,-0.5392699027855481,0.,0.8331693032754411,0.8331693032754358,0.8331693032754409,0.8331693032754408
-0.4847830862194114,0.,0.,0.,-0.8312483235288659,0.0118334166278585,-0.5319149093260584,0.,0.8677245006439891,0.8677245006439838,0.867724500643989,0.8677245006439888
-0.4831241436748777,0.,0.,0.,-0.8342359964260496,0.010943281360330293,-0.5246384508304694,0.,0.9026496068446984,0.902649606844693,0.9026496068446983,0.9026496068446982
-0.4814477135455858,0.,0.,0.,-0.8373048269767365,0.010214517099098172,-0.517422375954844,0.,0.9379428727245283,0.9379428727245225,0.937942872724528,0.9379428727245277
-0.47975385327662134,0.,0.,0.,-0.840441414638472,0.00961853806544067,-0.5102516502593623,0.,0.9736030889132532,0.9736030889132471,0.973603088913253,0.9736030889132528
-0.4780426026843912,0.,0.,0.,-0.8436345633197316,0.009131588185956063,-0.5031138645585946,0.,1.0096294171707296,1.0096294171707234,1.0096294171707294,1.0096294171707292
-0.47631398955883186,0.,0.,0.,-0.8468749393326805,0.008733976986773867,-0.49599881286295283,0.,1.0460212724456635,1.046021272445657,1.0460212724456632,1.046021272445663
-0.474568033578991,0.,0.,0.,-0.8501547756517133,0.008409423877080907,-0.48889813240367647,0.,1.0827782404423132,1.0827782404423063,1.082778240442313,1.082778240442313
-0.4728047490520742,0.,0.,0.,-0.8534676182340628,0.008144498987815317,-0.48180499815091804,0.,1.1199000199563522,1.1199000199563451,1.1199000199563518,1.1199000199563518
-0.47102414683372756,0.,0.,0.,-0.856808109793193,0.007928148765154965,-0.474713864633839,0.,1.15738638244786,1.1573863824478527,1.1573863824478596,1.1573863824478594
-0.4692262356791568,0.,0.,0.,-0.8601718064538474,0.007751295179376638,-0.4676202484944199,0.,1.1952371435967188,1.195237143596711,1.1952371435967182,1.195237143596718
-0.46741102319852323,0.,0.,0.,-0.8635550229754603,0.007606498369399769,-0.4605205459085933,0.,1.233452143189004,1.233452143188996,1.2334521431890033,1.233452143189003
-0.465578516536804,0.,0.,0.,-0.8669547025968629,0.007487673612727224,-0.45341187971147817,0.,1.272031230804146,1.2720312308041377,1.2720312308041453,1.272031230804145
-0.46372872286125827,0.,0.,0.,-0.8703683079635507,0.00738985458353131,-0.4462919717281988,0.,1.3109742555524775,1.3109742555524688,1.3109742555524768,1.3109742555524764
-0.4618616497139876,0.,0.,0.,-0.8737937300105639,0.007308995881405168,-0.43915903641975534,0.,1.3502810586529128,1.3502810586529037,1.3502810586529121,1.3502810586529115
-0.4599773052693637,0.,0.,0.,-0.8772292120676023,0.007241808751761776,-0.4320116924983085,0.,1.3899514680134153,1.389951468013406,1.3899514680134146,1.389951468013414
-0.4580756985238961,0.,0.,0.,-0.8806732868170047,0.0071856247647033335,-0.424848889648069,0.,1.4299852942337858,1.4299852942337763,1.4299852942337852,1.4299852942337845
-0.4561568394377167,0.,0.,0.,-0.8841247240646487,0.007138282970658607,-0.4176698479100355,0.,1.470382327627037,1.470382327627027,1.4703823276270362,1.4703823276270356
-0.45422073904108445,0.,0.,0.,-0.8875824875773585,0.007098036711720765,-0.41047400765592407,0.,1.5111423359771892,1.5111423359771787,1.5111423359771883,1.5111423359771874
-0.45226740951533656,0.,0.,0.,-0.891045699498974,0.007063476843715161,-0.4032609883941676,0.,1.5522650628350392,1.5522650628350285,1.5522650628350383,1.5522650628350374
-0.45029686425496745,0.,0.,0.,-0.8945136110829436,0.0070334686231292316,-0.39603055492425265,0.,1.5937502262112313,1.5937502262112204,1.5937502262112304,1.5937502262112293
-0.44830911791561623,0.,0.,0.,-0.8979855786749066,0.007007099943075726,-0.38878258959010004,0.,1.6355975175659934,1.6355975175659827,1.6355975175659925,1.6355975175659914
-0.4463041864514181,0.,0.,0.,-0.9014610440472143,0.006983638971243068,-0.38151706958349413,0.,1.677806601022796,1.677806601022785,1.677806601022795,1.6778066010227939
-0.4442820871442452,0.,0.,0.,-0.9049395183316941,0.006962499557698803,-0.37423404841912256,0.,1.7203771127527514,1.7203771127527403,1.7203771127527503,1.7203771127527494
-0.44224283862670566,0.,0.,0.,-0.9084205689200779,0.006943213048290858,-0.36693364084754854,0.,1.7633086604904264,1.7633086604904153,1.7633086604904253,1.7633086604904247
-0.4401864609002982,0.,0.,0.,-0.9119038088060811,0.006925405366442654,-0.35961601059492776,0.,1.806600823151636,1.8066008231516248,1.8066008231516348,1.8066008231516344
-0.4381129753497808,0.,0.,0.,-0.9153888879315822,0.00690877841794397,-0.3522813604216186,0.,1.8502531505309503,1.850253150530939,1.8502531505309492,1.8502531505309485
-0.4360224047545612,0.,0.,0.,-0.9188754861739403,0.006893095034842151,-0.34492992407875683,0.,1.8942651630618887,1.8942651630618768,1.8942651630618876,1.8942651630618867
-0.4339147732977344,0.,0.,0.,-0.9223633076741485,0.0068781668101166,-0.33756195981477605,0.,1.9386363516266638,1.9386363516266518,1.9386363516266627,1.9386363516266618
-0.4317901065732512,0.,0.,0.,-0.9258520762580175,0.006863844288295859,-0.3301777451448416,0.,1.9833661774052584,1.9833661774052462,1.9833661774052573,1.9833661774052564
-0.42964843159159877,0.,0.,0.,-0.9293415317464078,0.006850009071873636,-0.32277757264703383,0.,2.028454071755835,2.028454071755823,2.028454071755834,2.0284540717558333
-0.42748977678429195,0.,0.,0.,-0.9328314269870249,0.0068365674821942056,-0.31536174659143895,0.,2.0738994361201892,2.0738994361201764,2.073899436120188,2.0738994361201875
-0.42531417200741045,0.,0.,0.,-0.9363215254705888,0.006823445478890043,-0.3079305802434171,0.,2.119701641949274,2.1197016419492605,2.1197016419492725,2.119701641949272
-0.42312164854436973,0.,0.,0.,-0.9398115994192731,0.0068105845960921806,-0.30048439371137275,0.,2.165860030644868,2.165860030644854,2.1658600306448665,2.165860030644866
-0.42091223910807324,0.,0.,0.,-0.9433014282560267,0.006797938698334131,-0.29302351223333795,0.,2.2123739135142677,2.2123739135142535,2.2123739135142664,2.2123739135142655
-0.41868597784256306,0.,0.,0.,-0.946790797380445,0.0067854713958718695,-0.2855482648164207,0.,2.259242571735535,2.2592425717355202,2.2592425717355336,2.2592425717355327
-0.41644290032426207,0.,0.,0.,-0.9502794971908745,0.0067731539893727735,-0.2780589831593893,0.,2.3064652563313457,2.3064652563313306,2.3064652563313444,2.3064652563313435
-0.41418304356288094,0.,0.,0.,-0.9537673223039154,0.00676096383868893,-0.2705560008019429,0.,2.3540411881498957,2.35404118814988,2.3540411881498944,2.3540411881498935
-0.41190644600204784,0.,0.,0.,-0.9572540709318725,0.006748883070673294,-0.26303965245507704,0.,2.401969557851645,2.401969557851629,2.401969557851644,2.401969557851643
-0.4096131475197059,0.,0.,0.,-0.9607395443863541,0.006736897557492643,-0.2555102734757977,0.,2.4502495259009494,2.4502495259009334,2.450249525900948,2.450249525900947
-0.40730318942831395,0.,0.,0.,-0.9642235466824438,0.0067249961103161985,-0.24796819945663776,0.,2.4988802225618327,2.4988802225618163,2.4988802225618314,2.4988802225618305
-0.404976614474878,0.,0.,0.,-0.9677058842229215,0.006713169844144167,-0.240413765906265,0.,2.5478607478973263,2.54786074789731,2.547860747897325,2.547860747897324
-0.4026334668408341,0.,0.,0.,-0.9711863655460931,0.006701411678354482,-0.23284730800219866,0.,2.597190171771934,2.5971901717719175,2.5971901717719326,2.5971901717719317
-0.40027379214179887,0.,0.,0.,-0.9746648011240965,0.006689715944666202,-0.22526916040046738,0.,2.6468675338568866,2.6468675338568692,2.646867533856885,2.646867533856884
-0.39789763742719875,0.,0.,0.,-0.9781410032012051,0.006678078079951083,-0.2176796570901168,0.,2.696891843637941,2.696891843637924,2.6968918436379394,2.6968918436379385
-0.39550505117978757,0.,0.,0.,-0.9816147856637953,0.00666649438593742,-0.21007913128294634,0.,2.747262080425546,2.7472620804255277,2.747262080425544,2.7472620804255428
-0.39309608331505724,0.,0.,0.,-0.985085963935354,0.006654961841546824,-0.20246791533083808,0.,2.797977193367237,2.797977193367218,2.797977193367235,2.7979771933672337
-0.3906707851805466,0.,0.,0.,-0.9885543548912802,0.006643477956566632,-0.1948463406646275,0.,2.8490361014621977,2.849036101462179,2.849036101462196,2.8490361014621945
-0.38822920955504975,0.,0.,0.,-0.9920197767893295,0.0066320406577227535,-0.18721473774973246,0.,2.900437693577921,2.900437693577902,2.9004376935779193,2.9004376935779175
-0.3857714106477256,0.,0.,0.,-0.9954820492124217,0.006620648200101761,-0.1795734360547671,0.,2.952180828468957,2.9521808284689373,2.952180828468955,2.952180828468953
-0.38329744409710814,0.,0.,0.,-0.9989409930212311,0.006609299098369157,-0.17192276403016993,0.,3.004264334797745,3.004264334797725,3.0042643347977434,3.0042643347977407
-0.38080736697001744,0.,0.,0.,-1.0023964303145265,0.0065979920734174375,-0.16426304909451195,0.,3.0566870111575493,3.056687011157529,3.0566870111575475,3.0566870111575444
-0.378301237760369,0.,0.,0.,-1.0058481843956668,0.006586726011020896,-0.15659461762665608,0.,3.1094476260975163,3.1094476260974955,3.1094476260975146,3.1094476260975115
-0.37577911638788053,0.,0.,0.,-1.0092960797440005,0.006575499929814505,-0.14891779496233626,0.,3.162544918149906,3.1625449181498846,3.162544918149904,3.1625449181499006
-0.3732410641966734,0.,0.,0.,-1.0127399419901923,0.006564312956502979,-0.14123290539403965,0.,3.215977595859529,3.215977595859507,3.215977595859527,3.2159775958595236
-0.37068714395376706,0.,0.,0.,-1.0161795978947117,0.006553164306664208,-0.1335402721733222,0.,3.2697443378154523,3.2697443378154305,3.2697443378154505,3.269744337815447
-0.36811741984746255,0.,0.,0.,-1.0196148753288865,0.006542053269877044,-0.12584021751488214,0.,3.323843792685021,3.3238437926849986,3.3238437926850186,3.323843792685015
-0.3655319574856139,0.,0.,0.,-1.0230456032580577,0.006530979198183214,-0.11813306260186765,0.,3.378274579250256,3.3782745792502333,3.3782745792502538,3.3782745792502498
-0.3629308238937831,0.,0.,0.,-1.0264716117264725,0.006519941497118306,-0.11041912759201453,0.,3.4330352864466938,3.433035286446671,3.4330352864466915,3.4330352864466875
-0.3603140875132768,0.,0.,0.,-1.0298927318436344,0.006508939618717572,-0.10269873162430176,0.,3.488124473404721,3.488124473404698,3.488124473404719,3.4881244734047145
-0.35768181819906114,0.,0.,0.,-1.0333087957718918,0.006497973056038905,-0.09497219282588627,0.,3.543540669493473,3.5435406694934493,3.5435406694934706,3.543540669493466
-0.35503408721755186,0.,0.,0.,-1.0367196367150944,0.006487041338849063,-0.0872398283191328,0.,3.5992823743673528,3.5992823743673292,3.5992823743673505,3.599282374367346
-0.35237096724427713,0.,0.,0.,-1.0401250889081832,0.006476144030201154,-0.07950195422860033,0.,3.655348058015242,3.6553480580152184,3.6553480580152398,3.6553480580152353
-0.3496925323614096,0.,0.,0.,-1.0435249876076151,0.006465280723694186,-0.07175888568787875,0.,3.711736160812453,3.7117361608124293,3.7117361608124506,3.711736160812446
-0.34699885805516517,0.,0.,0.,-1.0469191690825352,0.006454451041254428,-0.06401093684619637,0.,3.7684450935754943,3.76844509357547,3.768445093575492,3.768445093575487
-0.3442900212130653,0.,0.,0.,-1.0503074706066393,0.006443654631315768,-0.05625842087473883,0.,3.8254732376197023,3.8254732376196774,3.8254732376197,3.825473237619695
-0.3415661001210606,0.,0.,0.,-1.053689730450672,0.006432891167305015,-0.048501649972635376,0.,3.882818944819802,3.882818944819777,3.8828189448197996,3.8828189448197947
-0.33882717446051225,0.,0.,0.,-1.0570657878755247,0.006422160346360581,-0.04074093537258064,0.,3.9404805376734515,3.940480537673426,3.940480537673449,3.940480537673444
-0.3360733253050293,0.,0.,0.,-1.0604354831258982,0.006411461888230145,-0.032976587346069036,0.,3.998456309367829,3.9984563093678034,3.9984563093678265,3.998456309367821
-0.33330463511715874,0.,0.,0.,-1.0637986574245062,0.0064007955343055,-0.025208915208225654,0.,4.056744523849314,4.0567445238492885,4.056744523849312,4.056744523849306
-0.33052118774492595,0.,0.,0.,-1.0671551529668,0.006390161046763315,-0.01743822732222359,0.,4.11534341589632,4.1153434158962945,4.115343415896318,4.115343415896312
-0.3277230684182233,0.,0.,0.,-1.0705048129161927,0.006379558207787701,-0.009664831103280959,0.,4.1742511911953235,4.174251191195297,4.174251191195321,4.1742511911953155
-0.3249103637450443,0.,0.,0.,-1.0738474813997732,0.006368986818856624,-0.0018890330222343333,0.,4.233466026420145,4.2334660264201185,4.2334660264201425,4.233466026420137
-0.322083161707561,0.,0.,0.,-1.0771830035044931,0.006358446700078435,0.005888861391312289,0.,4.29298606931453,4.292986069314503,4.292986069314527,4.292986069314522
-0.31924155165804297,0.,0.,0.,-1.080511225273818,0.006347937689568127,0.013668547546262103,0.,4.352809438778069,4.352809438778042,4.352809438778066,4.352809438778061
-0.3163856243146147,0.,0.,0.,-1.0838319937048317,0.006337459642855607,0.02144972178772156,0.,4.412934224955507,4.412934224955479,4.412934224955503,4.412934224955498
-0.31351547175685085,0.,0.,0.,-1.0871451567457848,0.006327012432319899,0.02923208139511478,0.,4.473358489329483,4.4733584893294545,4.473358489329479,4.473358489329473
-0.31063118742120605,0.,0.,0.,-1.090450563294079,0.006316595946645262,0.03701532458071211,0.,4.534080264816742,4.534080264816713,4.534080264816739,4.5340802648167315
-0.3077328660962784,0.,0.,0.,-1.0937480631946805,0.006306210090295263,0.04479915048856849,0.,4.59509755586785,4.59509755586782,4.595097555867847,4.595097555867839
-0.3048206039179046,0.,0.,0.,-1.097037507238952,0.006295854783002775,0.0525832591938664,0.,4.656408338570458,4.656408338570427,4.656408338570454,4.656408338570445
-0.3018944983640848,0.,0.,0.,-1.100318747163899,0.006285529959273819,0.06036735170265823,0.,4.718010560756139,4.718010560756107,4.718010560756135,4.718010560756126
-0.29895464824973633,0.,0.,0.,-1.1035916356518227,0.0062752355679036725,0.06815112995200233,0.,4.779902142110843,4.779902142110811,4.779902142110839,4.77990214211083
-0.29600115372127456,0.,0.,0.,-1.106856026330371,0.006264971571504458,0.07593429681048727,0.,4.8420809742889865,4.842080974288954,4.842080974288983,4.842080974288972
-0.29303411625101894,0.,0.,0.,-1.1101117737729833,0.006254737946042777,0.08371655607913822,0.,4.90454492103121,4.904544921031177,4.904544921031206,4.904544921031196
-0.29005363863142436,0.,0.,0.,-1.11335873349972,0.0062445346803876815,0.09149761249269929,0.,4.967291818285833,4.9672918182857995,4.96729181828583,4.967291818285818
-0.2870598249691354,0.,0.,0.,-1.1165967619784725,0.006234361775867372,0.0992771717212864,0.,5.030319474334022,5.0303194743339885,5.030319474334019,5.030319474334007
-0.28405278067886325,0.,0.,0.,-1.1198257166265455,0.006224219245834999,0.10705494037240365,0.,5.0936256699186995,5.093625669918665,5.093625669918695,5.0936256699186835
-0.28103261247708416,0.,0.,0.,-1.123045455812606,0.006214107115242978,0.11483062599331806,0.,5.157208158377206,5.157208158377172,5.157208158377202,5.15720815837719
-0.27799942837555863,0.,0.,0.,-1.1262558388589912,0.006204025420225644,0.12260393707378538,0.,5.221064665777744,5.22106466577771,5.22106466577774,5.221064665777728
-0.2749533376746704,0.,0.,0.,-1.1294567260443713,0.006193974207689532,0.1303745830491219,0.,5.2851928910596015,5.285192891059567,5.285192891059597,5.285192891059586
-0.2718944509565853,0.,0.,0.,-1.1326479786067587,0.00618395353491208,0.13814227430361498,0.,5.349590506177182,5.349590506177147,5.349590506177178,5.349590506177166
-0.2688228800782289,0.,0.,0.,-1.1358294587468574,0.006173963469147537,0.1459067221742671,0.,5.414255156247844,5.414255156247808,5.414255156247839,5.414255156247827
-0.26573873816408256,0.,0.,0.,-1.139001029631747,0.00616400408724081,0.15366763895486574,0.,5.479184459703557,5.479184459703521,5.479184459703552,5.479184459703539
-0.2626421395987982,0.,0.,0.,-1.142162555398895,0.006154075475247987,0.16142473790037484,0.,5.5443760084463865,5.54437600844635,5.544376008446381,5.544376008446369
-0.2595332000196309,0.,0.,0.,-1.1453139011604896,0.006144177728065189,0.1691777332316391,0.,5.609827368007802,5.609827368007766,5.609827368007797,5.609827368007784
-0.2564120363086902,0.,0.,0.,-1.148454933008088,0.006134310949063464,0.17692634014039718,0.,5.675536077711818,5.67553607771178,5.675536077711812,5.675536077711799
-0.25327876658500875,0.,0.,0.,-1.1515855180175725,0.00612447524973137,0.18467027479459572,0.,5.741499650841954,5.741499650841916,5.741499650841948,5.741499650841934
-0.2501335101964302,0.,0.,0.,-1.1547055242544102,0.006114670749324358,0.19240925434399883,0.,5.807715574812028,5.80771557481199,5.807715574812022,5.807715574812009
-0.24697638771131525,0.,0.,0.,-1.1578148207792067,0.00610489757452063,0.20014299692608656,0.,5.874181311340765,5.874181311340726,5.874181311340758,5.874181311340744
-0.24380752091006677,0.,0.,0.,-1.16091327765355,0.006095155859084366,0.20787122167223518,0.,5.940894296630207,5.940894296630168,5.9408942966302,5.940894296630186
-0.24062703277647468,0.,0.,0.,-1.1640007659461362,0.006085445743534585,0.21559364871417458,0.,6.007851941547935,6.007851941547895,6.007851941547928,6.007851941547914
-0.23743504748888083,0.,0.,0.,-1.1670771577391725,0.006075767374821499,0.22330999919071443,0.,6.075051631813069,6.075051631813029,6.075051631813062,6.075051631813047
-0.23423169041116465,0.,0.,0.,-1.1701423261350494,0.006066120906008824,0.23101999525473405,0.,6.142490728186041,6.142490728186001,6.142490728186034,6.1424907281860195
-0.23101708808355062,0.,0.,0.,-1.1731961452632758,0.00605650649596176,0.23872336008042963,0.,6.210166566662126,6.210166566662085,6.210166566662119,6.210166566662104
-0.2277913682132382,0.,0.,0.,-1.1762384902876706,0.006046924309042656,0.24641981787081074,0.,6.278076458668704,6.278076458668663,6.278076458668696,6.278076458668681
-0.22455465966485544,0.,0.,0.,-1.1792692374138058,0.006037374514811358,0.2541090938654419,0.,6.3462176912662365,6.346217691266194,6.3462176912662285,6.3462176912662125
-0.22130709245073737,0.,0.,0.,-1.1822882638966912,0.006027857287732381,0.261790914348421,0.,6.414587527352933,6.414587527352889,6.414587527352925,6.414587527352908
-0.21804879772103034,0.,0.,0.,-1.1852954480486968,0.0060183728068876315,0.26946500665658896,0.,6.483183205873082,6.483183205873037,6.483183205873074,6.483183205873057
-0.21477990775362357,0.,0.,0.,-1.1882906692477062,0.006008921255695262,0.27713109918796364,0.,6.552001942029013,6.552001942028969,6.552001942029005,6.552001942028989
-0.21150055594390987,0.,0.,0.,-1.191273807945492,0.005999502821634135,0.28478892141039147,0.,6.6210409274966695,6.621040927496626,6.6210409274966615,6.6210409274966455
-0.20821087679437622,0.,0.,0.,-1.1942447456763097,0.0059901176959739144,0.2924382038704107,0.,6.6902973306447455,6.690297330644704,6.690297330644738,6.690297330644723
-0.20491100590402667,0.,0.,0.,-1.1972033650657001,0.0059807660735106535,0.3000786782023192,0.,6.759768296757367,6.759768296757326,6.75976829675736,6.759768296757345
-0.20160107995763896,0.,0.,0.,-1.2001495498394974,0.005971448152307966,0.30771007713743975,0.,6.829450948260267,6.829450948260224,6.82945094826026,6.829450948260244
-0.19828123671485662,0.,0.,0.,-1.203083184833032,0.005962164133444123,0.3153321345135772,0.,6.8993423849504225,6.899342384950378,6.8993423849504145,6.8993423849503985
-0.19495161499911878,0.,0.,0.,-1.206004156000524,0.005952914220763283,0.32294458528466025,0.,6.969439684229114,6.9694396842290685,6.969439684229106,6.969439684229089
-0.19161235468642956,0.,0.,0.,-1.2089123504246597,0.005943698620633164,0.33054716553056024,0.,7.03973990133836,7.039739901338315,7.039739901338352,7.0397399013383355
-0.18826359669396922,0.,0.,0.,-1.2118076563263454,0.005934517541707016,0.33813961246708235,0.,7.1102400696006836,7.110240069600638,7.110240069600676,7.110240069600658
-0.18490548296854936,0.,0.,0.,-1.214689963074628,0.005925371194691438,0.34572166445611996,0.,7.1809372006621555,7.180937200662108,7.180937200662147,7.180937200662128
-0.18153815647491456,0.,0.,0.,-1.217559161196781,0.005916259792118694,0.3532930610159668,0.,7.251828284738678,7.251828284738631,7.251828284738669,7.25182828473865
-0.1781617611838928,0.,0.,0.,-1.2204151423885443,0.005907183548123908,0.3608535428317801,0.,7.322910290865452,7.322910290865404,7.322910290865442,7.3229102908654236
-0.17477644206039725,0.,0.,0.,-1.2232577995245126,0.005898142678227706,0.3684028517661868,0.,7.394180167149569,7.394180167149521,7.3941801671495595,7.39418016714954
-0.17138234505128203,0.,0.,0.,-1.226087026668666,0.0058891373991227704,0.37594073087002694,0.,7.465634841025679,7.465634841025631,7.465634841025669,7.46563484102565
-0.16797961707305475,0.,0.,0.,-1.228902719085035,0.005880167928465711,0.38346692439322677,0.,7.5372712195146745,7.5372712195146265,7.537271219514665,7.537271219514645
-0.1645684059994485,0.,0.,0.,-1.2317047732484923,0.005871234484674075,0.3909811777957943,0.,7.609086189485333,7.609086189485285,7.609086189485323,7.6090861894853035
-0.1611488606488562,0.,0.,0.,-1.2344930868556654,0.005862337286726603,0.398483237758931,0.,7.681076617918856,7.681076617918807,7.681076617918845,7.6810766179188255
-0.15772113077163047,0.,0.,0.,-1.2372675588359632,0.005853476553968928,0.4059728521962527,0.,7.75323935217624,7.75323935217619,7.753239352176228,7.753239352176209
-0.1542853670372519,0.,0.,0.,-1.240028089362707,0.0058446525059236785,0.4134497702651104,0.,7.8255712202684204,7.82557122026837,7.825571220268409,7.8255712202683885
-0.15084172102136884,0.,0.,0.,-1.2427745798643612,0.005835865362104753,0.42091374237800755,0.,7.898069031129117,7.898069031129066,7.898069031129105,7.898069031129084
-0.14739034519271207,0.,0.,0.,-1.2455069330358566,0.005827115341836169,0.42836452021410343,0.,7.970729574890313,7.970729574890261,7.9707295748903,7.970729574890278
-0.14393139289988763,0.,0.,0.,-1.248225052849996,0.0058184026640745005,0.435801856730797,0.,8.0435496231603,8.04354962316025,8.043549623160288,8.043549623160265
-0.1404650183580511,0.,0.,0.,-1.2509288445689393,0.005809727547236527,0.4432255061753839,0.,8.116525929304228,8.116525929304176,8.116525929304215,8.116525929304192
-0.13699137663546695,0.,0.,0.,-1.2536182147557562,0.005801090209030107,0.45063522409677864,0.,8.189655228727052,8.189655228727,8.18965522872704,8.189655228727016
-0.13351062363995622,0.,0.,0.,-1.256293071286043,0.00579249086629005,0.4580307673572953,0.,8.262934239158858,8.262934239158804,8.262934239158845,8.26293423915882
-0.1300229161052365,0.,0.,0.,-1.2589533233595935,0.005783929734816988,0.46541189414447987,0.,8.336359660942431,8.336359660942378,8.336359660942419,8.336359660942394
-0.12652841157715758,0.,0.,0.,-1.2615988815121184,0.005775407029220615,0.4727783639829858,0.,8.40992817732304,8.409928177322985,8.409928177323028,8.409928177323003
-0.12302726839983663,0.,0.,0.,-1.2642296576270047,0.0057669229627678046,0.48012993774648577,0.,8.483636454740324,8.483636454740267,8.483636454740312,8.483636454740285
-0.11951964570169679,0.,0.,0.,-1.266845564947107,0.005758477747232757,0.48746637766961315,0.,8.557481143122216,8.557481143122159,8.557481143122203,8.557481143122176
-0.11600570338141285,0.,0.,0.,-1.2694465180865668,0.005750071592752717,0.49478744735992447,0.,8.631458876180824,8.631458876180767,8.631458876180812,8.631458876180785
-0.1124856020937681,0.,0.,0.,-1.2720324330426467,0.005741704707686153,0.5020929118098766,0.,8.705566271710188,8.705566271710131,8.705566271710175,8.705566271710149
-0.10895950323542634,0.,0.,0.,-1.2746032272075767,0.005733377298475387,0.5093825374088099,0.,8.779799931885805,8.779799931885746,8.77979993188579,8.779799931885764
-0.10542756893062304,0.,0.,0.,-1.277158819380404,0.005725089569512968,0.5166560919549316,0.,8.854156443565875,8.854156443565817,8.85415644356586,8.854156443565833
-0.10188996201677968,0.,0.,0.,-1.2796991297788365,0.005716841723010954,0.5239133446672901,0.,8.928632378594157,8.928632378594099,8.928632378594141,8.928632378594113
-0.09834684603004568,0.,0.,0.,-1.2822240800510756,0.005708633958874628,0.5311540661977343,0.,9.003224294104347,9.003224294104289,9.003224294104331,9.003224294104301
-0.0947983851907718,0.,0.,0.,-1.284733593287629,0.005700466474579078,0.5383780286428492,0.,9.077928732825903,9.077928732825844,9.077928732825887,9.077928732825857
-0.0912447443889195,0.,0.,0.,-1.287227594033095,0.005692339465049121,0.5455850055558613,0.,9.152742223391215,9.152742223391156,9.152742223391199,9.152742223391169
-0.0876860891694104,0.,0.,0.,-1.2897060082979148,0.005684253122544432,0.5527747719585044,0.,9.227661280644037,9.227661280643979,9.227661280644021,9.227661280643991
-0.08412258571742033,0.,0.,0.,-1.2921687635700794,0.005676207636545255,0.5599471043528421,0.,9.302682405949092,9.302682405949033,9.302682405949076,9.302682405949044
-0.08055440084362221,0.,0.,0.,-1.294615788826788,0.0056682031936431745,0.5671017807330344,0.,9.377802087502737,9.377802087502678,9.37780208750272,9.377802087502689
-0.07698170196938221,0.,0.,0.,-1.297047014546049,0.00566023997743615,0.5742385805970447,0.,9.453016800644631,9.453016800644573,9.453016800644615,9.453016800644583
-0.07340465711191366,0.,0.,0.,-1.299462372718216,0.005652318168424284,0.5813572849582787,0.,9.528323008170284,9.528323008170226,9.528323008170268,9.528323008170236
-0.06982343486939321,0.,0.,0.,-1.3018617968574493,0.005644437943911152,0.5884576763571461,0.,9.603717160644399,9.60371716064434,9.603717160644383,9.60371716064435
-0.06623820440604374,0.,0.,0.,-1.3042452220130996,0.005636599477906592,0.5955395388725403,0.,9.679195696714915,9.679195696714855,9.679195696714897,9.679195696714865
-0.0626491354371884,0.,0.,0.,-1.3066125847810028,0.005628802941034489,0.6026026581332261,0.,9.754755043427659,9.754755043427599,9.754755043427641,9.75475504342761
-0.05905639821428071,0.,0.,0.,-1.3089638233146792,0.005621048500441879,0.6096468213291292,0.,9.830391616541505,9.830391616541444,9.830391616541487,9.830391616541455
-0.055460163509914825,0.,0.,0.,-1.3112988773364298,0.005613336319712216,0.6166718172225195,0.,9.906101820843945,9.906101820843883,9.906101820843928,9.906101820843894
-0.05186060260282099,0.,0.,0.,-1.3136176881483228,0.005605666558782158,0.6236774361590816,0.,9.981882050466973,9.981882050466911,9.981882050466956,9.981882050466922
-0.04825788726285053,0.,0.,0.,-1.3159201986430615,0.005598039373859685,0.6306634700788633,0.,10.057728689203193,10.057728689203131,10.057728689203175,10.057728689203142
-0.04465218973595508,0.,0.,0.,-1.318206353314728,0.005590454917347164,0.6376297125270968,0.,10.133638110822044,10.133638110821982,10.133638110822027,10.133638110821993
-0.041043682729164796,0.,0.,0.,-1.320476098269392,0.005582913337765929,0.6445759586648835,0.,10.20960667938605,10.209606679385988,10.209606679386033,10.209606679385999
-0.03743253939557001,0.,0.,0.,-1.3227293812355818,0.005575414779684682,0.6515020052797355,0.,10.285630749566995,10.28563074956693,10.285630749566975,10.285630749566941
-0.03381893331931109,0.,0.,0.,-1.3249661515746065,0.0055679593836508515,0.6584076507959669,0.,10.36170666696192,10.361706666961854,10.3617066669619,10.361706666961865
-0.030203038500581182,0.,0.,0.,-1.3271863602907228,0.005560547286123719,0.6652926952849278,0.,10.437830768408865,10.4378307684088,10.437830768408846,10.43783076840881
-0.026585029340646427,0.,0.,0.,-1.3293899600411407,0.0055531786194119095,0.6721569404750722,0.,10.513999382302229,10.513999382302163,10.51399938230221,10.513999382302174
-0.022965080626888266,0.,0.,0.,-1.331576905145859,0.005545853511612522,0.6790001897618544,0.,10.590208828907665,10.590208828907597,10.590208828907645,10.590208828907608
-0.0193433675178726,0.,0.,0.,-1.3337471515973245,0.00553857208655455,0.6858222482174449,0.,10.666455420676415,10.666455420676348,10.666455420676396,10.666455420676359
-0.015720065528450306,0.,0.,0.,-1.335900657069907,0.005531334463742941,0.6926229226002611,0.,10.74273546255899,10.742735462558922,10.74273546255897,10.742735462558933
-0.01209535051489384,0.,0.,0.,-1.3380373809291841,0.005524140758307533,0.6994020213643036,0.,10.819045252318073,10.819045252318006,10.819045252318054,10.819045252318016
-0.008469398660074384,0.,0.,0.,-1.3401572842410268,0.005516991080952924,0.7061593546682914,0.,10.895381080840588,10.89538108084052,10.895381080840568,10.895381080840531
-0.004842386458684303,0.,0.,0.,-1.3422603297804814,0.005509885537912283,0.7128947343845902,0.,10.971739232448801,10.971739232448734,10.971739232448781,10.971739232448742
-0.0012144907025093484,0.,0.,0.,-1.3443464820404396,0.005502824230904322,0.7196079741079254,0.,11.04811598521038,11.04811598521031,11.048115985210359,11.04811598521032
0.0024141115342448016,0.,0.,0.,-1.3464157072400877,0.0054958072570906605,0.7262988891638746,0.,11.12450761124731,11.12450761124724,11.124507611247289,11.12450761124725
0.006043242909567183,0.,0.,0.,-1.3484679733331337,0.00548883470903831,0.7329672966171312,0.,11.20091037704357,11.2009103770435,11.200910377043549,11.20091037704351
0.009672725828192816,0.,0.,0.,-1.350503250015799,0.005481906674682988,0.7396130152795336,0.,11.277320543751479,11.277320543751408,11.277320543751458,11.277320543751417
0.013302382456086222,0.,0.,0.,-1.3525215087345732,0.005475023237295953,0.7462358657178529,0.,11.353734367496603,11.353734367496532,11.353734367496582,11.353734367496541
0.016932034734852733,0.,0.,0.,-1.3545227226937238,0.005468184475453518,0.7528356702613329,0.,11.430148099681162,11.430148099681091,11.430148099681139,11.430148099681098
0.020561504396073186,0.,0.,0.,-1.3565068668625526,0.0054613904630088405,0.7594122530089746,0.,11.506557987285804,11.506557987285731,11.50655798728578,11.506557987285738
0.024190612975557718,0.,0.,0.,-1.3584739179823944,0.0054546412690649375,0.7659654398365626,0.,11.58296027316969,11.582960273169617,11.582960273169665,11.582960273169624
0.027819181827514312,0.,0.,0.,-1.3604238545733527,0.005447936957953346,0.7724950584034214,0.,11.659351196368776,11.659351196368704,11.659351196368752,11.659351196368709
0.03144703213862788,0.,0.,0.,-1.3623566569407624,0.005441277589211606,0.779000938158901,0.,11.73572699239222,11.735726992392147,11.735726992392195,11.735726992392152
0.03507398494204559,0.,0.,0.,-1.3642723071813778,0.0054346632175658275,0.7854829103485825,0.,11.812083893516803,11.81208389351673,11.812083893516778,11.812083893516736
0.038699861131264425,0.,0.,0.,-1.3661707891892776,0.005428093892914583,0.7919408080201983,0.,11.888418129079305,11.888418129079232,11.88841812907928,11.888418129079238
0.04232448147391673,0.,0.,0.,-1.36805208866148,0.0054215696603152255,0.798374466029262,0.,11.964725925766723,11.964725925766649,11.964725925766697,11.964725925766654
0.045947666625449746,0.,0.,0.,-1.369916193103266,0.005415090559973365,0.8047837210444015,0.,12.04100350790426,12.041003507904186,12.041003507904234,12.041003507904191
0.04956923714269516,0.,0.,0.,-1.3717630918332,0.005408656627233222,0.8111684115523898,0.,12.117247097741007,12.117247097740933,12.11724709774098,12.117247097740936
0.053189013497324786,0.,0.,0.,-1.3735927759878475,0.005402267892571639,0.8175283778628682,0.,12.19345291573321,12.193452915733134,12.193452915733182,12.193452915733138
0.056806816089188285,0.,0.,0.,-1.3754052385261808,0.005395924381594331,0.8238634621127559,0.,12.269617180825074,12.269617180824998,12.269617180825046,12.269617180825001
0.06042246525952945,0.,0.,0.,-1.377200474233668,0.005389626115032842,0.830173508270342,0.,12.345736110726994,12.345736110726918,12.345736110726966,12.34573611072692
0.06403578130407706,0.,0.,0.,-1.3789784797260434,0.005383373108746994,0.8364583621390533,0.,12.421805922191155,12.421805922191078,12.421805922191126,12.42180592219108
0.06764658448600674,0.,0.,0.,-1.3807392534527474,0.005377165373725217,0.8427178713608949,0.,12.497822831284411,12.497822831284335,12.497822831284383,12.497822831284337
0.07125469504877022,0.,0.,0.,-1.3824827957000403,0.005371002916091692,0.8489518854195554,0.,12.57378305365838,12.573783053658303,12.573783053658351,12.573783053658303
0.07485993322878838,0.,0.,0.,-1.384209108593776,0.00536488573711142,0.8551602556431761,0.,12.649682804816656,12.64968280481658,12.649682804816628,12.64968280481658
0.07846211926800487,0.,0.,0.,-1.3859181961018379,0.005358813833201378,0.8613428352067765,0.,12.72551830037911,12.725518300379033,12.72551830037908,12.725518300379033
0.08206107342629662,0.,0.,0.,-1.387610064036229,0.00535278719594093,0.8674994791343325,0.,12.801285756343146,12.80128575634307,12.801285756343118,12.80128575634307
0.0856566159937382,0.,0.,0.,-1.3892847200548126,0.005346805812085876,0.8736300443005043,0.,12.876981389341916,12.87698138934184,12.876981389341887,12.87698138934184
0.08924856730271664,0.,0.,0.,-1.3909421736626995,0.005340869663583158,0.8797343894320084,0.,12.952601416899357,12.952601416899281,12.952601416899329,12.952601416899281
0.09283674773989374,0.,0.,0.,-1.3925824362132788,0.00533497872759034,0.8858123751086292,0.,13.028142057682034,13.028142057681956,13.028142057682004,13.028142057681956
0.09642097775801267,0.,0.,0.,-1.3942055209088862,0.005329132976493598,0.8918638637638685,0.,13.103599531747696,13.103599531747617,13.103599531747665,13.103599531747617
0.10000107788754604,0.,0.,0.,-1.3958114428011081,0.005323332377931843,0.8978887196852267,0.,13.178970060790503,13.178970060790425,13.178970060790473,13.178970060790425
0.10357686874818249,0.,0.,0.,-1.3974002187907164,0.005317576894817794,0.9038868090141152,0.,13.25424986838285,13.254249868382772,13.25424986838282,13.254249868382772
0.107148171060149,0.,0.,0.,-1.3989718676272318,0.005311866485366056,0.9098579997453929,0.,13.329435180213723,13.329435180213645,13.329435180213693,13.329435180213645
0.11071480565536626,0.,0.,0.,-1.400526409908112,0.005306201103120814,0.9158021617265263,0.,13.40452222432356,13.404522224323483,13.40452222432353,13.40452222432348
0.11427659348843457,0.,0.,0.,-1.4020638680775614,0.005300580696984153,0.9217191666563698,0.,13.479507231335525,13.479507231335447,13.479507231335495,13.479507231335445
0.11783335564744765,0.,0.,0.,-1.403584266424959,0.005295005211248776,0.9276088880835625,0.,13.554386434683169,13.55438643468309,13.554386434683138,13.554386434683089
0.121384913364632,0.,0.,0.,-1.405087631082903,0.005289474585631882,0.9334712014045382,0.,13.629156070834417,13.62915607083434,13.629156070834387,13.629156070834338
0.12493108802680944,0.,0.,0.,-1.406573990024869,0.005283988755309869,0.9393059838611488,0.,13.703812379511838,13.70381237951176,13.703812379511808,13.703812379511756
0.1284717011856808,0.,0.,0.,-1.4080433730624782,0.005278547650955383,0.9451131145378953,0.,13.77835160390913,13.778351603909051,13.7783516039091,13.778351603909048
0.13200657456792828,0.,0.,0.,-1.4094958118423748,0.005273151198777059,0.9508924743587659,0.,13.852769990903814,13.852769990903736,13.852769990903782,13.852769990903731
0.13553553008513491,0.,0.,0.,-1.4109313398427108,0.0052677993205604715,0.9566439460836796,0.,13.92706379126606,13.927063791265981,13.927063791266027,13.927063791265976
0.13905838984351873,0.,0.,0.,-1.4123499923692335,0.005262491933709572,0.9623674143045327,0.,14.001229259863614,14.001229259863536,14.001229259863582,14.00122925986353
0.14257497615348025,0.,0.,0.,-1.4137518065509782,0.005257228951291951,0.968062765440845,0.,14.075262655862804,14.075262655862725,14.075262655862772,14.07526265586272
0.14608511153896117,0.,0.,0.,-1.4151368213355604,0.005252010282084446,0.9737298877350081,0.,14.14916024292556,14.14916024292548,14.149160242925529,14.149160242925475
0.14958861874661292,0.,0.,0.,-1.4165050774840688,0.00524683583062029,0.9793686712471301,0.,14.22291828940244,14.22291828940236,14.222918289402408,14.222918289402354
0.15308532075477344,0.,0.,0.,-1.4178566175655574,0.005241705497239639,0.9849790078494775,0.,14.296533068521608,14.296533068521528,14.296533068521576,14.296533068521523
0.15657504078225076,0.,0.,0.,-1.4191914859511332,0.005236619178138249,0.9905607912205141,0.,14.370000858573762,14.370000858573682,14.37000085857373,14.370000858573677
0.16005760229691215,0.,0.,0.,-1.4205097288076438,0.0052315767654221735,0.996113916838534,0.,14.44331794309295,14.44331794309287,14.443317943092918,14.443317943092865
0.16353282902407737,0.,0.,0.,-1.4218113940909571,0.005226578147159558,1.00163828197489,0.,14.51648061103327,14.51648061103319,14.516480611033238,14.516480611033185
0.16700054495471525,0.,0.,0.,-1.4230965315388402,0.005221623207437722,1.0071337856868139,0.,14.589485156941436,14.589485156941356,14.589485156941404,14.58948515694135
0.17046057435344242,0.,0.,0.,-1.4243651926634295,0.005216711826418621,1.012600328809833,0.,14.662327881125165,14.662327881125085,14.662327881125133,14.66232788112508
0.1739127417663232,0.,0.,0.,-1.4256174307432992,0.005211843880398074,1.0180378139497783,0.,14.735005089817392,14.735005089817312,14.73500508981736,14.735005089817307
0.17735687202847,0.,0.,0.,-1.4268533008151207,0.005207019241865045,1.0234461454743853,0.,14.807513095336272,14.807513095336192,14.80751309533624,14.807513095336187
0.18079279027144346,0.,0.,0.,-1.4280728596649208,0.005202237779562658,1.0288252295044897,0.,14.879848216240976,14.879848216240896,14.879848216240944,14.879848216240891
0.1842203219304516,0.,0.,0.,-1.429276165818931,0.005197499358550366,1.0341749739048163,0.,14.952006777483252,14.952006777483172,14.95200677748322,14.952006777483167
0.18763929275134783,0.,0.,0.,-1.4304632795340346,0.005192803840267963,1.0394952882743616,0.,15.02398511055475,15.023985110554671,15.023985110554719,15.023985110554666
0.19104952879742698,0.,0.,0.,-1.4316342627878096,0.005188151082600289,1.044786083936371,0.,15.095779553630102,15.095779553630022,15.09577955363007,15.095779553630017
0.19445085645601942,0.,0.,0.,-1.432789179268167,0.005183540939943095,1.0500472739279125,0.,15.167386451705733,15.167386451705653,15.1673864517057,15.167386451705646
0.1978431024448828,0.,0.,0.,-1.4339280943625885,0.005178973263270587,1.0552787729890463,0.,15.238802156734435,15.238802156734355,15.238802156734403,15.238802156734348
0.20122609381839143,0.,0.,0.,-1.4350510751469616,0.005174447900203804,1.0604804975515914,0.,15.310023027755669,15.310023027755589,15.310023027755637,15.310023027755582
0.20459965797352347,0.,0.,0.,-1.4361581903740155,0.005169964695080093,1.0656523657274921,0.,15.381045431021606,15.381045431021526,15.381045431021574,15.38104543102152
0.2079636226556456,0.,0.,0.,-1.4372495104613574,0.0051655234890244095,1.0707942972967834,0.,15.451865740118915,15.451865740118835,15.451865740118883,15.451865740118828
0.21131781596409588,0.,0.,0.,-1.438325107479112,0.005161124120019291,1.0759062136951603,0.,15.52248033608629,15.52248033608621,15.522480336086257,15.522480336086202
0.21466206635756446,0.,0.,0.,-1.4393850551371654,0.005156766422978883,1.0809880380011472,0.,15.592885607527734,15.592885607527654,15.592885607527702,15.592885607527645
0.2179962026592734,0.,0.,0.,-1.4404294287720163,0.005152450229822554,1.086039694922876,0.,15.663077950721606,15.663077950721526,15.663077950721574,15.663077950721517
0.22132005406195512,0.,0.,0.,-1.4414583053332328,0.005148175369548529,1.0910611107844694,0.,15.733053769725432,15.733053769725352,15.7330537697254,15.733053769725341
0.2246334501326307,0.,0.,0.,-1.4424717633695219,0.0051439416683099455,1.0960522135120339,0.,15.802809476476497,15.802809476476417,15.802809476476464,15.802809476476405
0.2279362208171885,0.,0.,0.,-1.4434698830144101,0.005139748949490782,1.1010129326192644,0.,15.87234149088824,15.87234149088816,15.872341490888207,15.872341490888148
0.2312281964447639,0.,0.,0.,-1.4444527459715397,0.005135597033782872,1.105943199192664,0.,15.94164624094246,15.94164624094238,15.941646240942426,15.941646240942367
0.23450920773192072,0.,0.,0.,-1.4454204354995812,0.005131485739264024,1.1108429458763784,0.,16.01072016277734,16.01072016277726,16.010720162777307,16.010720162777247
0.23777908578663587,0.,0.,0.,-1.4463730363967668,0.005127414881475815,1.1157121068566507,0.,16.07955970077134,16.079559700771263,16.07955970077131,16.07955970077125
0.24103766211208746,0.,0.,0.,-1.447310634985046,0.005123384273503709,1.120550617845897,0.,16.148161307622953,16.148161307622875,16.14816130762292,16.14816130762286
0.24428476861024817,0.,0.,0.,-1.4482333190938657,0.005119393726055947,1.1253584160664094,0.,16.216521444426338,16.21652144442626,16.216521444426306,16.21652144442624
0.2475202375852846,0.,0.,0.,-1.4491411780435803,0.005115443047544587,1.1301354402336825,0.,16.284636580742895,16.284636580742816,16.284636580742863,16.2846365807428
0.25074390174676414,0.,0.,0.,-1.4500343026284925,0.005111532044166263,1.134881630539375,0.,16.35250319466878,16.352503194668703,16.35250319466875,16.352503194668685
0.2539555942126706,0.,0.,0.,-1.4509127850995278,0.005107660519983296,1.1395969286339027,0.,16.42011777289839,16.420117772898312,16.420117772898358,16.420117772898294
0.25715514851222987,0.,0.,0.,-1.4517767191465485,0.0051038282770063375,1.1442812776086697,0.,16.487476810783846,16.48747681078377,16.487476810783814,16.48747681078375
0.26034239858854746,0.,0.,0.,-1.4526261998803076,0.005100035115276346,1.148934621977941,0.,16.554576812390533,16.554576812390458,16.5545768123905,16.554576812390437
0.26351717880105924,0.,0.,0.,-1.4534613238140481,0.005096280832947224,1.1535569076603582,0.,16.621414290548675,16.6214142905486,16.621414290548643,16.62141429054858
0.2666793239277971,0.,0.,0.,-1.4542821888447506,0.005092565226369316,1.1581480819601042,0.,16.68798576690105,16.687985766900976,16.68798576690102,16.687985766900955
0.269828669167471,0.,0.,0.,-1.4550888942340323,0.005088888090172548,1.1627080935477188,0.,16.754287771946817,16.754287771946743,16.754287771946785,16.75428777194672
0.27296505014137007,0.,0.,0.,-1.4558815405887016,0.005085249217349914,1.1672368924405703,0.,16.820316845081535,16.82031684508146,16.820316845081503,16.82031684508144
0.2760883028950832,0.,0.,0.,-1.4566602298409732,0.005081648399342126,1.171734429982985,0.,16.886069534633393,16.886069534633318,16.886069534633357,16.886069534633293
0.2791982639000423,0.,0.,0.,-1.4574250652283454,0.005078085426121237,1.1762006588260419,0.,16.95154239789569,16.951542397895615,16.951542397895654,16.95154239789559
0.2822947700548898,0.,0.,0.,-1.4581761512731441,0.0050745600862745705,1.1806355329070322,0.,17.016732001155635,17.01673200115556,17.0167320011556,17.016732001155535
0.2853776586866718,0.,0.,0.,-1.4589135937617408,0.00507107216708979,1.1850390074285921,0.,17.081634919719466,17.08163491971939,17.08163491971943,17.081634919719367
0.2884467675518605,0.,0.,0.,-1.459637499723442,0.005067621454638354,1.1894110388375099,0.,17.146247737933965,17.14624773793389,17.14624773793393,17.146247737933866
0.2915019348372061,0.,0.,0.,-1.4603479774090617,0.005064207733861054,1.193751584803211,0.,17.2105670492044,17.210567049204325,17.210567049204364,17.2105670492043
0.29454299916042215,0.,0.,0.,-1.4610451362691756,0.00506083078865163,1.19806060419593,0.,17.274589456008947,17.274589456008872,17.27458945600891,17.274589456008847
0.2975697995707054,0.,0.,0.,-1.4617290869320634,0.005057490401941693,1.2023380570645679,0.,17.338311569909646,17.33831156990957,17.33831156990961,17.338311569909546
0.30058217554909333,0.,0.,0.,-1.4623999411813433,0.005054186355784148,1.2065839046142424,0.,17.40173001155992,17.401730011559845,17.401730011559884,17.40173001155982
0.30357996700866113,0.,0.,0.,-1.4630578119333038,0.00505091843143791,1.2107981091835354,0.,17.464841410708715,17.46484141070864,17.46484141070868,17.464841410708615
0.3065630142945606,0.,0.,0.,-1.4637028132139347,0.005047686409452188,1.2149806342214406,0.,17.527642406201338,17.52764240620126,17.5276424062013,17.527642406201235
0.30953115818390403,0.,0.,0.,-1.464335060135665,0.005044490069748852,1.2191314442640178,0.,17.59012964597699,17.590129645976912,17.59012964597695,17.590129645976884
0.3124842398854947,0.,0.,0.,-1.4649546688738098,0.005041329191707447,1.2232505049107547,0.,17.65229978706311,17.652299787063033,17.652299787063072,17.652299787063004
0.31542210103940715,0.,0.,0.,-1.46556175664273,0.005038203554247313,1.2273377828006458,0.,17.71414949556653,17.714149495566453,17.71414949556649,17.714149495566424
0.3183445837164198,0.,0.,0.,-1.4661564416717123,0.005035112935910641,1.2313932455879883,0.,17.775675446661534,17.775675446661456,17.775675446661495,17.775675446661428
0.321251530417302,0.,0.,0.,-1.466738843180572,0.005032057114945445,1.2354168619179018,0.,17.836874324574843,17.836874324574765,17.836874324574804,17.836874324574737
0.32414278407195846,0.,0.,0.,-1.4673090813549807,0.005029035869386528,1.2394086014015762,0.,17.89774282256761,17.897742822567533,17.897742822567572,17.897742822567505
0.3270181880384346,0.,0.,0.,-1.4678672773215293,0.005026048977138222,1.2433684345912503,0.,17.958277642914478,17.9582776429144,17.95827764291444,17.95827764291437
0.3298775861017836,0.,0.,0.,-1.468413553122525,0.005023096216054721,1.2472963329549298,0.,18.01847549687972,18.018475496879642,18.01847549687968,18.018475496879613
0.33272082247279994,0.,0.,0.,-1.46894803169053,0.005020177364021118,1.2511922688508443,0.,18.07833310469059,18.07833310469051,18.07833310469055,18.078333104690483
0.3355477417866208,0.,0.,0.,-1.4694708368226443,0.005017292199033219,1.2550562155016511,0.,18.13784719550787,18.137847195507792,18.13784719550783,18.137847195507764
0.33835818910119875,0.,0.,0.,-1.4699820931545406,0.005014440499276921,1.2588881469683892,0.,18.19701450739372,18.197014507393643,18.197014507393682,18.197014507393614
0.3411520098956484,0.,0.,0.,-1.4704819261342503,0.005011622043207579,1.2626880381241876,0.,18.255831787276872,18.255831787276794,18.255831787276833,18.255831787276765
0.34392905006846985,0.,0.,0.,-1.4709704619957102,0.0050088366096276895,1.266455864627733,0.,18.314295790915217,18.31429579091514,18.31429579091518,18.31429579091511
0.3466891559356516,0.,0.,0.,-1.4714478277320713,0.005006083977764687,1.2701916028965017,0.,18.372403282855885,18.372403282855807,18.372403282855846,18.372403282855778
0.34943217422865613,0.,0.,0.,-1.4719141510687739,0.005003363927347605,1.2738952300797575,0.,18.430151036392825,18.430151036392743,18.430151036392783,18.430151036392715
0.35215795209229106,0.,0.,0.,-1.4723695604363962,0.0050006762386833135,1.2775667240313244,0.,18.48753583352198,18.4875358335219,18.48753583352194,18.48753583352187
0.35486633708246795,0.,0.,0.,-1.4728141849432772,0.004998020692731295,1.2812060632821347,0.,18.544554464894127,18.544554464894045,18.544554464894084,18.544554464894016
0.35755717716385305,0.,0.,0.,-1.4732481543479203,0.004995397071179326,1.2848132270125565,0.,18.60120372976539,18.60120372976531,18.60120372976535,18.60120372976528
0.36023032070741146,0.,0.,0.,-1.4736715990311808,0.004992805156515783,1.2883881950245093,0.,18.65748043594557,18.657480435945487,18.657480435945526,18.65748043594546
0.36288561648784884,0.,0.,0.,-1.4740846499682423,0.004990244732103503,1.2919309477133665,0.,18.71338139974425,18.71338139974417,18.713381399744208,18.71338139974414
0.36552291368095263,0.,0.,0.,-1.474487438700385,0.004987715582251227,1.295441466039652,0.,18.768903445914855,18.768903445914773,18.768903445914813,18.768903445914745
0.36814206186083637,0.,0.,0.,-1.4748800973065512,0.004985217492284708,1.2989197315005352,0.,18.82404340759662,18.824043407596537,18.824043407596577,18.82404340759651
0.3707429109970898,0.,0.,0.,-1.475262758374711,0.004982750248617065,1.3023657261011259,0.,18.878798126254587,18.878798126254505,18.878798126254544,18.878798126254477
0.37332531145183734,0.,0.,0.,-1.4756355549730333,0.004980313638817524,1.305779432325576,0.,18.933164451617696,18.93316445161761,18.93316445161765,18.933164451617582
0.3758891139767088,0.,0.,0.,-1.4759986206208633,0.004977907451679501,1.3091608331079903,0.,18.98713924161499,18.987139241614905,18.987139241614944,18.987139241614877
0.37843416970972404,0.,0.,0.,-1.4763520892595146,0.004975531477288905,1.312509911803149,0.,19.04071936231005,19.040719362309964,19.040719362310004,19.040719362309932
0.38096033017209546,0.,0.,0.,-1.476696095222876,0.004973185507089406,1.3158266521570499,0.,19.093901687833657,19.093901687833572,19.09390168783361,19.09390168783354
0.3834674472649507,0.,0.,0.,-1.477030773207838,0.004970869333947224,1.3191110382772695,0.,19.14668310031482,19.146683100314736,19.146683100314775,19.146683100314704
0.3859553732659787,0.,0.,0.,-1.4773562582445425,0.004968582752216099,1.3223630546031488,0.,19.199060489810147,19.199060489810062,19.1990604898101,19.19906048981003
0.388423960826002,0.,0.,0.,-1.4776726856664595,0.004966325557800076,1.3255826858758069,0.,19.251030754231692,19.251030754231607,19.251030754231646,19.251030754231575
0.39087306296547797,0.,0.,0.,-1.4779801910802945,0.004964097548215399,1.328769917107985,0.,19.302590799273293,19.302590799273208,19.302590799273247,19.302590799273176
0.393302533070932,0.,0.,0.,-1.4782789103357286,0.004961898522651203,1.3319247335537279,0.,19.353737538335483,19.3537375383354,19.353737538335437,19.353737538335366
0.3957122248913255,0.,0.,0.,-1.4785689794949959,0.004959728282029622,1.3350471206779004,0.,19.40446789244903,19.404467892448945,19.404467892448984,19.404467892448913
0.39810199253436157,0.,0.,0.,-1.4788505348023018,0.004957586629064188,1.3381370641255468,0.,19.454778790197157,19.45477879019707,19.45477879019711,19.45477879019704
0.400471690462731,0.,0.,0.,-1.479123712653083,0.004955473368317755,1.3411945496910935,0.,19.504667167636512,19.504667167636427,19.504667167636466,19.504667167636395
0.4028211734903017,0.,0.,0.,-1.4793886495631152,0.004953388306258332,1.3442195632874012,0.,19.554129968216948,19.554129968216863,19.554129968216902,19.55412996821683
0.40515029677825415,0.,0.,0.,-1.4796454821374696,0.004951331251314512,1.3472120909146648,0.,19.603164142700155,19.60316414270007,19.60316414270011,19.603164142700038
0.4074589158311655,0.,0.,0.,-1.4798943470393213,0.004949302013930145,1.350172118629168,0.,19.651766649077235,19.65176664907715,19.65176664907719,19.651766649077118
0.4097468864930457,0.,0.,0.,-1.4801353809586129,0.00494730040661676,1.3530996325118947,0.,19.699934452485238,19.699934452485152,19.69993445248519,19.69993445248512
0.4120140649433275,0.,0.,0.,-1.480368720580575,0.004945326244005134,1.3559946186369976,0.,19.747664525122747,19.747664525122662,19.7476645251227,19.74766452512263
0.41426030769281375,0.,0.,0.,-1.4805945025541083,0.004943379342896693,1.3588570630401287,0.,19.794953846164564,19.79495384616448,19.794953846164518,19.794953846164447
0.4164854715795845,0.,0.,0.,-1.4808128634600275,0.0049414595223124256,1.3616869516866337,0.,19.841799401675527,19.84179940167544,19.84179940167548,19.84179940167541
0.4186894137648663,0.,0.,0.,-1.4810239397791696,0.004939566603541689,1.3644842704396132,0.,19.888198184523564,19.88819818452348,19.888198184523517,19.888198184523446
0.42087199172886675,0.,0.,0.,-1.4812278678603703,0.004937700410188866,1.3672490050278512,0.,19.934147194291995,19.93414719429191,19.93414719429195,19.934147194291878
0.4230330632665767,0.,0.,0.,-1.4814247838883108,0.004935860768220269,1.3699811410136153,0.,19.979643437191154,19.97964343719107,19.979643437191108,19.979643437191037
0.4251724864835427,0.,0.,0.,-1.4816148238512348,0.004934047506008374,1.372680663760329,0.,20.024683925969388,20.024683925969303,20.02468392596934,20.02468392596927
0.42729011979161247,0.,0.,0.,-1.4817981235085393,0.004932260454375934,1.3753475584001198,0.,20.069265679823488,20.069265679823403,20.06926567982344,20.06926567982337
0.4293858219046554,0.,0.,0.,-1.481974818358243,0.004930499446638697,1.3779818098012426,0.,20.113385724308603,20.113385724308518,20.113385724308557,20.113385724308486
0.4314594518342616,0.,0.,0.,-1.4821450436043293,0.0049287643186469755,1.3805834025353834,0.,20.15704109124768,20.157041091247596,20.157041091247635,20.157041091247564
0.43351086888542084,0.,0.,0.,-1.4823089341239704,0.004927054908826443,1.3831523208448413,0.,20.200228818640507,20.200228818640422,20.20022881864046,20.20022881864039
0.4355399326521848,0.,0.,0.,-1.4824666244346312,0.004925371058217089,1.385688548609594,0.,20.24294595057238,20.242945950572295,20.242945950572334,20.242945950572263
0.4375465030133145,0.,0.,0.,-1.4826182486610566,0.004923712610512491,1.3881920693142453,0.,20.285189537122477,20.285189537122395,20.28518953712243,20.28518953712236
0.4395304401279154,0.,0.,0.,-1.482763940502141,0.004922079412096188,1.3906628660148588,0.,20.32695663427197,20.326956634271887,20.326956634271923,20.326956634271852
0.4414916044310632,0.,0.,0.,-1.4829038331976843,0.004920471312079149,1.3931009213056755,0.,20.368244303811924,20.368244303811842,20.368244303811878,20.368244303811807
0.4434298566294216,0.,0.,0.,-1.4830380594950316,0.004918888162334455,1.395506217285721,0.,20.409049613251046,20.409049613250964,20.409049613251,20.40904961325093
0.44534505769685523,0.,0.,0.,-1.4831667516156049,0.004917329817532168,1.3978787355252993,0.,20.449369635723333,20.44936963572325,20.449369635723286,20.449369635723215
0.44723706887004006,0.,0.,0.,-1.4832900412213175,0.004915796135172877,1.4002184570323757,0.,20.489201449895646,20.489201449895564,20.4892014498956,20.48920144989553
0.44910575164407274,0.,0.,0.,-1.4834080593808825,0.004914286975620519,1.4025253622188523,0.,20.52854213987528,20.5285421398752,20.528542139875235,20.528542139875164
0.45095096776808224,0.,0.,0.,-1.4835209365360087,0.004912802202133954,1.4047994308667313,0.,20.567388795117587,20.567388795117505,20.56738879511754,20.56738879511747
0.45277257924084535,0.,0.,0.,-1.483628802467488,0.004911341680898499,1.4070406420941723,0.,20.60573851033365,20.60573851033357,20.605738510333605,20.605738510333534
0.45457044830640825,0.,0.,0.,-1.483731786261175,0.004909905281055771,1.4092489743214407,0.,20.643588385398132,20.64358838539805,20.643588385398086,20.643588385398015
0.4563444374497168,0.,0.,0.,-1.483830016273858,0.004908492874733654,1.4114244052367495,0.,20.68093552525726,20.68093552525718,20.680935525257215,20.680935525257144
0.4580944093922572,0.,0.,0.,-1.4839236200990227,0.004907104337075163,1.413566911761994,0.,20.71777703983706,20.717777039836978,20.717777039837014,20.717777039836943
0.45982022708770953,0.,0.,0.,-1.4840127245325088,0.004905739546266849,1.41567647001838,0.,20.754110043951847,20.754110043951766,20.7541100439518,20.75411004395173
0.46152175371761606,0.,0.,0.,-1.4840974555380597,0.0049043983835664546,1.417753055291946,0.,20.78993165721304,20.789931657212957,20.789931657212993,20.78993165721292
0.4631988526870666,0.,0.,0.,-1.4841779382127664,0.00490308073333043,1.419796641998979,0.,20.825239003938314,20.825239003938233,20.825239003938268,20.825239003938197
0.4648513876204029,0.,0.,0.,-1.484254296752403,0.0049017864830404444,1.421807203651324,0.,20.860029213061182,20.8600292130611,20.860029213061136,20.860029213061065
0.46647922235694395,0.,0.,0.,-1.4843266544166582,0.004900515523330409,1.4237847128215886,0.,20.894299418040994,20.894299418040912,20.894299418040948,20.894299418040877
0.4680822209467347,0.,0.,0.,-1.484395133494258,0.004899267748012582,1.425729141108239,0.,20.92804675677343,20.928046756773348,20.928046756773384,20.928046756773313
0.46966024764631975,0.,0.,0.,-1.4844598552679829,0.0048980430541034755,1.4276404591005918,0.,20.961268371501536,20.961268371501454,20.96126837150149,20.96126837150142
0.4712131669145444,0.,0.,0.,-1.4845209399795776,0.004896841341849869,1.4295186363436976,0.,20.99396140872732,20.993961408727234,20.99396140872727,20.9939614087272
0.47274084340838435,0.,0.,0.,-1.4845785067945543,0.004895662514754967,1.4313636413031179,0.,21.02612301912395,21.026123019123865,21.0261230191239,21.02612301912383
0.4742431419788071,0.,0.,0.,-1.484632673766887,0.004894506479604257,1.4331754413295938,0.,21.05775035744864,21.057750357448555,21.05775035744859,21.05775035744852
0.4757199276666661,0.,0.,0.,-1.4846835578035984,0.004893373146491644,1.4349540026236072,0.,21.088840582456196,21.08884058245611,21.088840582456147,21.088840582456076
0.47717106569862966,0.,0.,0.,-1.484731274629239,0.004892262428846239,1.436699290199832,0.,21.119390856813325,21.11939085681324,21.119390856813276,21.119390856813204
0.47859642148314735,0.,0.,0.,-1.4847759387502555,0.004891174243459051,1.438411267851476,0.,21.149398347013697,21.149398347013612,21.149398347013648,21.149398347013577
0.4799958606064548,0.,0.,0.,-1.48481766341925,0.00489010851051076,1.4400898981145138,0.,21.178860223293853,21.178860223293768,21.178860223293803,21.178860223293732
0.4813692488286193,0.,0.,0.,-1.4848565605991288,0.004889065153599615,1.4417351422318059,0.,21.207773659549947,21.20777365954986,21.207773659549897,21.207773659549826
0.482716452079628,0.,0.,0.,-1.4848927409271389,0.004888044099770878,1.4433469601171065,0.,21.236135833255393,21.236135833255307,21.236135833255343,21.236135833255272
0.4840373364555209,0.,0.,0.,-1.4849263136787931,0.004887045279546769,1.4449253103189592,0.,21.263943925379454,21.26394392537937,21.263943925379404,21.263943925379333
0.48533176821456986,0.,0.,0.,-1.4849573867316819,0.004886068626957656,1.4464701499844763,0.,21.291195120306803,21.291195120306718,21.291195120306753,21.291195120306682
0.4865996137735063,0.,0.,0.,-1.48498606652917,0.004885114079575086,1.447981434823004,0.,21.317886605758098,21.317886605758012,21.317886605758048,21.317886605757977
0.4878407397037986,0.,0.,0.,-1.4850124580439794,0.004884181578545763,1.4494591190696697,0.,21.34401557271162,21.344015572711534,21.34401557271157,21.3440155727115
0.4890550127279819,0.,0.,0.,-1.4850366647416544,0.004883271068627971,1.4509031554488123,0.,21.369579215326006,21.36957921532592,21.369579215325956,21.369579215325885
0.49024229971604183,0.,0.,0.,-1.4850587885439104,0.004882382498229728,1.4523134951372918,0.,21.394574730864107,21.394574730864022,21.394574730864058,21.394574730863987
0.49140246768185364,0.,0.,0.,-1.4850789297918638,0.004881515819449266,1.4536900877276793,0.,21.41899931961804,21.418999319617956,21.418999319617992,21.41899931961792
0.49253538377967965,0.,0.,0.,-1.4850971872091427,0.004880670988118571,1.4550328811913233,0.,21.442850184835432,21.442850184835347,21.442850184835383,21.44285018483531
0.4936409153007257,0.,0.,0.,-1.4851136578648754,0.004879847963849342,1.456341821841293,0.,21.466124532646926,21.46612453264684,21.466124532646877,21.466124532646806
0.49471892966975944,0.,0.,0.,-1.4851284371365576,0.004879046710082652,1.4576168542951955,0.,21.488819571995005,21.48881957199492,21.488819571994956,21.488819571994885
0.495769294441792,0.,0.,0.,-1.4851416186727964,0.0048782671941422166,1.458857921437867,0.,21.510932514564114,21.510932514564026,21.51093251456406,21.51093251456399
0.49679187729882496,0.,0.,0.,-1.485153294355928,0.004877509387291777,1.4600649643839327,0.,21.532460574712175,21.532460574712086,21.532460574712122,21.53246057471205
0.4977865460466645,0.,0.,0.,-1.4851635542645114,0.004876773264796932,1.4612379224402385,0.,21.553400969403533,21.553400969403445,21.55340096940348,21.55340096940341
0.498753168611805,0.,0.,0.,-1.4851724866356926,0.0048760588059923865,1.4623767330681483,0.,21.573750918143332,21.573750918143244,21.57375091814328,21.573750918143208
0.4996916130383839,0.,0.,0.,-1.4851801778274412,0.0048753659943545245,1.463481331845708,0.,21.593507642913416,21.593507642913327,21.59350764291336,21.593507642913288
0.5006017474852095,0.,0.,0.,-1.4851867122806568,0.0048746948175804284,1.464551652429673,0.,21.612668368109745,21.612668368109656,21.612668368109688,21.612668368109617
0.5014834402228644,0.,0.,0.,-1.4851921724811437,0.004874045267673803,1.4655876265173957,0.,21.63123032048143,21.63123032048134,21.63123032048137,21.6312303204813
0.5023365596308864,0.,0.,0.,-1.4851966389214524,0.0048734173410386675,1.466589183808576,0.,21.649190729071364,21.649190729071275,21.649190729071307,21.649190729071236
0.5031609741950283,0.,0.,0.,-1.485200190062588,0.004872811038581435,1.467556251966865,0.,21.66654682515856,21.66654682515847,21.666546825158502,21.66654682515843
0.5039565525045995,0.,0.,0.,-1.4852029022955824,0.004872226365822592,1.4684887565813267,0.,21.683295842202163,21.683295842202075,21.683295842202106,21.683295842202035
0.5047231632498919,0.,0.,0.,-1.4852048499029304,0.0048716633330189146,1.4693866211277518,0.,21.699435015787266,21.699435015787177,21.69943501578721,21.699435015787138
0.505460675219691,0.,0.,0.,-1.4852061050198884,0.004871121955297067,1.4702497669298225,0.,21.71496158357251,21.71496158357242,21.714961583572453,21.714961583572382
0.5061689572988755,0.,0.,0.,-1.4852067375956328,0.004870602252800536,1.4710781131201245,0.,21.729872785239554,21.729872785239465,21.729872785239497,21.729872785239426
0.5068478784661073,0.,0.,0.,-1.4852068153542803,0.0048701042508504265,1.471871576601006,0.,21.744165862444436,21.744165862444348,21.74416586244438,21.74416586244431
0.5074973077916148,0.,0.,0.,-1.4852064037557666,0.004869627980122606,1.4726300720052792,0.,21.75783805877091,21.757838058770822,21.757838058770854,21.757838058770783
0.5081171144350702,0.,0.,0.,-1.4852055659565824,0.0048691734768424606,1.4733535116567624,0.,21.77088661968576,21.770886619685673,21.770886619685704,21.770886619685633
0.5087071676435662,0.,0.,0.,-1.4852043627703686,0.004868740782999199,1.4740418055306599,0.,21.7833087924962,21.78330879249611,21.783308792496143,21.783308792496072
0.5092673367496909,0.,0.,0.,-1.4852028526283667,0.004868329946582353,1.4746948612137762,0.,21.795101826309352,21.795101826309264,21.795101826309295,21.795101826309224
0.5097974911697075,0.,0.,0.,-1.4852010915397271,0.004867941021842772,1.4753125838645635,0.,21.806262971993913,21.806262971993824,21.806262971993856,21.806262971993785
0.5102975004018376,0.,0.,0.,-1.4851991330516723,0.00486757406958081,1.4758948761729964,0.,21.81678948214402,21.816789482143932,21.816789482143964,21.816789482143893
0.5107672340246534,0.,0.,0.,-1.4851970282095157,0.0048672291574652716,1.4764416383202725,0.,21.826678611045406,21.826678611045317,21.82667861104535,21.826678611045278
0.5112065616955805,0.,0.,0.,-1.4851948255165386,0.004866906360386404,1.4769527679383352,0.,21.83592761464387,21.835927614643783,21.835927614643815,21.835927614643744
0.5116153531495149,0.,0.,0.,-1.4851925708937208,0.004866605760847294,1.4774281600692138,0.,21.844533750516174,21.844533750516085,21.844533750516117,21.844533750516046
0.5119934781975555,0.,0.,0.,-1.4851903076393302,0.004866327449398115,1.4778677071241788,0.,21.852494277843345,21.852494277843256,21.852494277843288,21.852494277843217
0.5123408067258571,0.,0.,0.,-1.4851880763883696,0.004866071525118564,1.4782712988427058,0.,21.859806457386536,21.859806457386448,21.85980645738648,21.85980645738641
0.5126572086946062,0.,0.,0.,-1.4851859150718831,0.0048658380961545565,1.4786388222512457,0.,21.866467551465462,21.866467551465373,21.866467551465405,21.866467551465334
0.5129425541371214,0.,0.,0.,-1.4851838588761235,0.004865627280315773,1.478970161621794,0.,21.872474823939466,21.872474823939378,21.87247482393941,21.87247482393934
0.5131967131590849,0.,0.,0.,-1.4851819402015836,0.004865439205741976,1.4792651984302567,0.,21.877825540191328,21.87782554019124,21.87782554019127,21.8778255401912
0.5134195559379046,0.,0.,0.,-1.4851801886218932,0.004865274011646766,1.4795238113146028,0.,21.882516967113848,21.88251696711376,21.88251696711379,21.88251696711372
0.5136109527222138,0.,0.,0.,-1.485178630842587,0.004865131849148963,1.4797458760328004,0.,21.886546373099304,21.886546373099215,21.886546373099247,21.886546373099176
0.5137707738315094,0.,0.,0.,-1.485177290659745,0.004865012882203021,1.4799312654205277,0.,21.889911028031843,21.889911028031754,21.889911028031786,21.889911028031715
0.513898889655934,0.,0.,0.,-1.4851761889185133,0.004864917288641687,1.4800798493486509,0.,21.892608203282887,21.892608203282798,21.89260820328283,21.89260820328276
0.513995170656205,0.,0.,0.,-1.4851753434715105,0.004864845261345997,1.48019149468046,0.,21.894635171709645,21.894635171709556,21.894635171709588,21.894635171709517
0.5140594873636949,0.,0.,0.,-1.4851747691371247,0.004864797009559898,1.480266065228652,0.,21.8959892076568,21.89598920765671,21.895989207656744,21.895989207656672
0.5140917103806661,0.,0.,0.,-1.4851744776577134,0.004864772760369441,1.4803034217120508,0.,21.896667586961456,21.896667586961367,21.8966675869614,21.89666758696133
